DV,Factor,group1,group2,meandiff,p-adj,lower,upper,reject
accuracy,imbalance,50/50,80/20,0.1141,0.0,0.1009,0.1274,True
accuracy,imbalance,50/50,90/10,0.1909,0.0,0.1776,0.2041,True
accuracy,imbalance,50/50,95/5,0.2346,0.0,0.2213,0.2478,True
accuracy,imbalance,80/20,90/10,0.0768,0.0,0.0635,0.09,True
accuracy,imbalance,80/20,95/5,0.1204,0.0,0.1072,0.1337,True
accuracy,imbalance,90/10,95/5,0.0437,0.0,0.0304,0.0569,True
accuracy,min_level,100,25,-0.0027,0.9927,-0.0274,0.0221,False
accuracy,min_level,100,50,-0.0006,0.9999,-0.0254,0.0241,False
accuracy,min_level,100,75,-0.0002,1.0,-0.025,0.0246,False
accuracy,min_level,25,50,0.002,0.9968,-0.0228,0.0268,False
accuracy,min_level,25,75,0.0024,0.9945,-0.0224,0.0272,False
accuracy,min_level,50,75,0.0004,1.0,-0.0244,0.0252,False
accuracy,min_level within 50/50,100,25,-0.0042,0.9964,-0.0545,0.0461,False
accuracy,min_level within 50/50,100,50,-0.0013,0.9999,-0.0516,0.0489,False
accuracy,min_level within 50/50,100,75,0.0001,1.0,-0.0502,0.0504,False
accuracy,min_level within 50/50,25,50,0.0029,0.9989,-0.0474,0.0531,False
accuracy,min_level within 50/50,25,75,0.0043,0.9962,-0.046,0.0546,False
accuracy,min_level within 50/50,50,75,0.0014,0.9999,-0.0489,0.0517,False
accuracy,min_level within 80/20,100,25,-0.0046,0.906,-0.022,0.0129,False
accuracy,min_level within 80/20,100,50,-0.0012,0.9982,-0.0186,0.0163,False
accuracy,min_level within 80/20,100,75,-0.0017,0.9938,-0.0192,0.0157,False
accuracy,min_level within 80/20,25,50,0.0034,0.9581,-0.014,0.0208,False
accuracy,min_level within 80/20,25,75,0.0028,0.9756,-0.0146,0.0202,False
accuracy,min_level within 80/20,50,75,-0.0006,0.9998,-0.018,0.0168,False
accuracy,min_level within 90/10,100,25,-0.0011,0.9625,-0.0071,0.0049,False
accuracy,min_level within 90/10,100,50,0.0001,1.0,-0.0059,0.0061,False
accuracy,min_level within 90/10,100,75,0.0006,0.9936,-0.0054,0.0066,False
accuracy,min_level within 90/10,25,50,0.0012,0.9523,-0.0048,0.0072,False
accuracy,min_level within 90/10,25,75,0.0017,0.8779,-0.0043,0.0077,False
accuracy,min_level within 90/10,50,75,0.0005,0.9963,-0.0055,0.0065,False
accuracy,min_level within 95/5,100,25,-0.0007,0.8002,-0.0028,0.0013,False
accuracy,min_level within 95/5,100,50,-0.0002,0.9947,-0.0023,0.0019,False
accuracy,min_level within 95/5,100,75,0.0001,0.9988,-0.002,0.0022,False
accuracy,min_level within 95/5,25,50,0.0005,0.9116,-0.0015,0.0026,False
accuracy,min_level within 95/5,25,75,0.0009,0.7139,-0.0012,0.0029,False
accuracy,min_level within 95/5,50,75,0.0003,0.9784,-0.0018,0.0024,False
minority_recall,imbalance,50/50,80/20,-0.3899,0.0,-0.4325,-0.3472,True
minority_recall,imbalance,50/50,90/10,-0.5011,0.0,-0.5438,-0.4585,True
minority_recall,imbalance,50/50,95/5,-0.5753,0.0,-0.618,-0.5327,True
minority_recall,imbalance,80/20,90/10,-0.1113,0.0,-0.154,-0.0686,True
minority_recall,imbalance,80/20,95/5,-0.1855,0.0,-0.2282,-0.1428,True
minority_recall,imbalance,90/10,95/5,-0.0742,0.0001,-0.1169,-0.0315,True
minority_recall,min_level,100,25,-0.0006,1.0,-0.068,0.0668,False
minority_recall,min_level,100,50,-0.0006,1.0,-0.0681,0.0668,False
minority_recall,min_level,100,75,0.0007,1.0,-0.0667,0.0681,False
minority_recall,min_level,25,50,-0.0,1.0,-0.0675,0.0674,False
minority_recall,min_level,25,75,0.0013,1.0,-0.0661,0.0687,False
minority_recall,min_level,50,75,0.0014,1.0,-0.0661,0.0688,False
minority_recall,min_level within 50/50,100,25,-0.0011,1.0,-0.0641,0.062,False
minority_recall,min_level within 50/50,100,50,-0.0029,0.9994,-0.0659,0.0602,False
minority_recall,min_level within 50/50,100,75,0.002,0.9998,-0.061,0.065,False
minority_recall,min_level within 50/50,25,50,-0.0018,0.9999,-0.0648,0.0612,False
minority_recall,min_level within 50/50,25,75,0.0031,0.9993,-0.06,0.0661,False
minority_recall,min_level within 50/50,50,75,0.0049,0.9972,-0.0582,0.0679,False
minority_recall,min_level within 80/20,100,25,-0.0018,1.0,-0.1174,0.1138,False
minority_recall,min_level within 80/20,100,50,-0.0009,1.0,-0.1165,0.1147,False
minority_recall,min_level within 80/20,100,75,-0.0047,0.9996,-0.1203,0.1109,False
minority_recall,min_level within 80/20,25,50,0.0009,1.0,-0.1147,0.1165,False
minority_recall,min_level within 80/20,25,75,-0.0029,0.9999,-0.1185,0.1127,False
minority_recall,min_level within 80/20,50,75,-0.0038,0.9998,-0.1194,0.1118,False
minority_recall,min_level within 90/10,100,25,-0.0056,0.9986,-0.0972,0.086,False
minority_recall,min_level within 90/10,100,50,-0.0014,1.0,-0.093,0.0902,False
minority_recall,min_level within 90/10,100,75,0.0039,0.9995,-0.0876,0.0955,False
minority_recall,min_level within 90/10,25,50,0.0042,0.9994,-0.0874,0.0958,False
minority_recall,min_level within 90/10,25,75,0.0095,0.9932,-0.0821,0.1011,False
minority_recall,min_level within 90/10,50,75,0.0053,0.9988,-0.0862,0.0969,False
minority_recall,min_level within 95/5,100,25,0.0061,0.9948,-0.0579,0.0701,False
minority_recall,min_level within 95/5,100,50,0.0026,0.9996,-0.0614,0.0666,False
minority_recall,min_level within 95/5,100,75,0.0017,0.9999,-0.0623,0.0657,False
minority_recall,min_level within 95/5,25,50,-0.0034,0.999,-0.0674,0.0606,False
minority_recall,min_level within 95/5,25,75,-0.0044,0.998,-0.0684,0.0596,False
minority_recall,min_level within 95/5,50,75,-0.001,1.0,-0.065,0.063,False
macro_f1,imbalance,50/50,80/20,-0.0761,0.0,-0.1029,-0.0492,True
macro_f1,imbalance,50/50,90/10,-0.1074,0.0,-0.1342,-0.0805,True
macro_f1,imbalance,50/50,95/5,-0.133,0.0,-0.1599,-0.1061,True
macro_f1,imbalance,80/20,90/10,-0.0313,0.0148,-0.0582,-0.0044,True
macro_f1,imbalance,80/20,95/5,-0.0569,0.0,-0.0838,-0.0301,True
macro_f1,imbalance,90/10,95/5,-0.0256,0.0678,-0.0525,0.0012,False
macro_f1,min_level,100,25,-0.0018,0.9985,-0.0311,0.0275,False
macro_f1,min_level,100,50,-0.0001,1.0,-0.0294,0.0292,False
macro_f1,min_level,100,75,0.0001,1.0,-0.0293,0.0294,False
macro_f1,min_level,25,50,0.0017,0.9988,-0.0276,0.031,False
macro_f1,min_level,25,75,0.0019,0.9984,-0.0274,0.0312,False
macro_f1,min_level,50,75,0.0002,1.0,-0.0292,0.0295,False
macro_f1,min_level within 50/50,100,25,-0.0042,0.9964,-0.0546,0.0462,False
macro_f1,min_level within 50/50,100,50,-0.0013,0.9999,-0.0517,0.0491,False
macro_f1,min_level within 50/50,100,75,0.0001,1.0,-0.0503,0.0505,False
macro_f1,min_level within 50/50,25,50,0.0029,0.9988,-0.0475,0.0533,False
macro_f1,min_level within 50/50,25,75,0.0043,0.9962,-0.0461,0.0547,False
macro_f1,min_level within 50/50,50,75,0.0014,0.9999,-0.049,0.0518,False
macro_f1,min_level within 80/20,100,25,-0.0018,0.9999,-0.0659,0.0623,False
macro_f1,min_level within 80/20,100,50,-0.0005,1.0,-0.0646,0.0636,False
macro_f1,min_level within 80/20,100,75,-0.0036,0.9989,-0.0677,0.0605,False
macro_f1,min_level within 80/20,25,50,0.0013,1.0,-0.0629,0.0654,False
macro_f1,min_level within 80/20,25,75,-0.0018,0.9999,-0.0659,0.0623,False
macro_f1,min_level within 80/20,50,75,-0.0031,0.9993,-0.0672,0.0611,False
macro_f1,min_level within 90/10,100,25,-0.0027,0.9993,-0.0595,0.0541,False
macro_f1,min_level within 90/10,100,50,0.0007,1.0,-0.0561,0.0575,False
macro_f1,min_level within 90/10,100,75,0.0029,0.9992,-0.0539,0.0597,False
macro_f1,min_level within 90/10,25,50,0.0035,0.9986,-0.0533,0.0603,False
macro_f1,min_level within 90/10,25,75,0.0057,0.994,-0.0511,0.0625,False
macro_f1,min_level within 90/10,50,75,0.0022,0.9996,-0.0546,0.059,False
macro_f1,min_level within 95/5,100,25,0.0014,0.9998,-0.0427,0.0455,False
macro_f1,min_level within 95/5,100,50,0.0007,1.0,-0.0434,0.0448,False
macro_f1,min_level within 95/5,100,75,0.0008,1.0,-0.0433,0.0448,False
macro_f1,min_level within 95/5,25,50,-0.0007,1.0,-0.0448,0.0434,False
macro_f1,min_level within 95/5,25,75,-0.0006,1.0,-0.0447,0.0434,False
macro_f1,min_level within 95/5,50,75,0.0001,1.0,-0.044,0.0441,False
balanced_accuracy,imbalance,50/50,80/20,-0.0774,0.0,-0.0999,-0.0548,True
balanced_accuracy,imbalance,50/50,90/10,-0.1197,0.0,-0.1422,-0.0971,True
balanced_accuracy,imbalance,50/50,95/5,-0.1523,0.0,-0.1748,-0.1297,True
balanced_accuracy,imbalance,80/20,90/10,-0.0423,0.0,-0.0648,-0.0197,True
balanced_accuracy,imbalance,80/20,95/5,-0.0749,0.0,-0.0974,-0.0523,True
balanced_accuracy,imbalance,90/10,95/5,-0.0326,0.0012,-0.0552,-0.01,True
balanced_accuracy,min_level,100,25,-0.0021,0.9969,-0.0283,0.0241,False
balanced_accuracy,min_level,100,50,-0.0005,1.0,-0.0267,0.0258,False
balanced_accuracy,min_level,100,75,0.0,1.0,-0.0262,0.0263,False
balanced_accuracy,min_level,25,50,0.0016,0.9985,-0.0246,0.0279,False
balanced_accuracy,min_level,25,75,0.0021,0.9967,-0.0241,0.0284,False
balanced_accuracy,min_level,50,75,0.0005,1.0,-0.0257,0.0267,False
balanced_accuracy,min_level within 50/50,100,25,-0.0042,0.9964,-0.0545,0.0461,False
balanced_accuracy,min_level within 50/50,100,50,-0.0013,0.9999,-0.0516,0.0489,False
balanced_accuracy,min_level within 50/50,100,75,0.0001,1.0,-0.0502,0.0504,False
balanced_accuracy,min_level within 50/50,25,50,0.0029,0.9989,-0.0474,0.0531,False
balanced_accuracy,min_level within 50/50,25,75,0.0043,0.9962,-0.046,0.0545,False
balanced_accuracy,min_level within 50/50,50,75,0.0014,0.9999,-0.0489,0.0517,False
balanced_accuracy,min_level within 80/20,100,25,-0.0035,0.9983,-0.0574,0.0504,False
balanced_accuracy,min_level within 80/20,100,50,-0.0011,1.0,-0.055,0.0529,False
balanced_accuracy,min_level within 80/20,100,75,-0.0029,0.9991,-0.0568,0.0511,False
balanced_accuracy,min_level within 80/20,25,50,0.0025,0.9994,-0.0515,0.0564,False
balanced_accuracy,min_level within 80/20,25,75,0.0007,1.0,-0.0533,0.0546,False
balanced_accuracy,min_level within 80/20,50,75,-0.0018,0.9998,-0.0557,0.0521,False
balanced_accuracy,min_level within 90/10,100,25,-0.0032,0.9977,-0.047,0.0407,False
balanced_accuracy,min_level within 90/10,100,50,-0.0006,1.0,-0.0444,0.0432,False
balanced_accuracy,min_level within 90/10,100,75,0.0021,0.9993,-0.0417,0.0459,False
balanced_accuracy,min_level within 90/10,25,50,0.0026,0.9987,-0.0412,0.0464,False
balanced_accuracy,min_level within 90/10,25,75,0.0052,0.9897,-0.0386,0.0491,False
balanced_accuracy,min_level within 90/10,50,75,0.0027,0.9986,-0.0412,0.0465,False
balanced_accuracy,min_level within 95/5,100,25,0.0025,0.997,-0.0288,0.0337,False
balanced_accuracy,min_level within 95/5,100,50,0.0011,0.9997,-0.0301,0.0324,False
balanced_accuracy,min_level within 95/5,100,75,0.0009,0.9999,-0.0304,0.0321,False
balanced_accuracy,min_level within 95/5,25,50,-0.0013,0.9995,-0.0326,0.0299,False
balanced_accuracy,min_level within 95/5,25,75,-0.0016,0.9992,-0.0328,0.0296,False
balanced_accuracy,min_level within 95/5,50,75,-0.0003,1.0,-0.0315,0.031,False
mcc,imbalance,50/50,80/20,-0.0967,0.0,-0.1459,-0.0475,True
mcc,imbalance,50/50,90/10,-0.1696,0.0,-0.2188,-0.1204,True
mcc,imbalance,50/50,95/5,-0.2237,0.0,-0.2729,-0.1745,True
mcc,imbalance,80/20,90/10,-0.0729,0.0008,-0.1221,-0.0237,True
mcc,imbalance,80/20,95/5,-0.127,0.0,-0.1762,-0.0778,True
mcc,imbalance,90/10,95/5,-0.0541,0.0247,-0.1033,-0.0049,True
mcc,min_level,100,25,-0.0061,0.9909,-0.0591,0.0469,False
mcc,min_level,100,50,-0.0004,1.0,-0.0534,0.0526,False
mcc,min_level,100,75,0.0014,0.9999,-0.0517,0.0544,False
mcc,min_level,25,50,0.0057,0.9926,-0.0473,0.0587,False
mcc,min_level,25,75,0.0075,0.9837,-0.0456,0.0605,False
mcc,min_level,50,75,0.0018,0.9998,-0.0513,0.0548,False
mcc,min_level within 50/50,100,25,-0.0083,0.9965,-0.1088,0.0922,False
mcc,min_level within 50/50,100,50,-0.0027,0.9999,-0.1032,0.0978,False
mcc,min_level within 50/50,100,75,0.0002,1.0,-0.1003,0.1007,False
mcc,min_level within 50/50,25,50,0.0056,0.9989,-0.0949,0.1061,False
mcc,min_level within 50/50,25,75,0.0085,0.9963,-0.092,0.109,False
mcc,min_level within 50/50,50,75,0.0029,0.9998,-0.0976,0.1034,False
mcc,min_level within 80/20,100,25,-0.012,0.9907,-0.1162,0.0922,False
mcc,min_level within 80/20,100,50,-0.0043,0.9996,-0.1085,0.0999,False
mcc,min_level within 80/20,100,75,-0.0089,0.9962,-0.113,0.0953,False
mcc,min_level within 80/20,25,50,0.0077,0.9975,-0.0964,0.1119,False
mcc,min_level within 80/20,25,75,0.0032,0.9998,-0.101,0.1073,False
mcc,min_level within 80/20,50,75,-0.0046,0.9995,-0.1088,0.0996,False
mcc,min_level within 90/10,100,25,-0.0049,0.9993,-0.108,0.0983,False
mcc,min_level within 90/10,100,50,0.0046,0.9994,-0.0985,0.1078,False
mcc,min_level within 90/10,100,75,0.0105,0.9935,-0.0926,0.1137,False
mcc,min_level within 90/10,25,50,0.0095,0.9952,-0.0937,0.1127,False
mcc,min_level within 90/10,25,75,0.0154,0.9803,-0.0877,0.1186,False
mcc,min_level within 90/10,50,75,0.0059,0.9988,-0.0972,0.1091,False
mcc,min_level within 95/5,100,25,0.0007,1.0,-0.0891,0.0905,False
mcc,min_level within 95/5,100,50,0.0007,1.0,-0.0891,0.0905,False
mcc,min_level within 95/5,100,75,0.0035,0.9996,-0.0863,0.0933,False
mcc,min_level within 95/5,25,50,-0.0,1.0,-0.0898,0.0898,False
mcc,min_level within 95/5,25,75,0.0028,0.9998,-0.087,0.0926,False
mcc,min_level within 95/5,50,75,0.0028,0.9998,-0.087,0.0926,False
equal_opportunity_diff,imbalance,50/50,80/20,-0.0029,0.9825,-0.0228,0.017,False
equal_opportunity_diff,imbalance,50/50,90/10,0.0086,0.6831,-0.0113,0.0285,False
equal_opportunity_diff,imbalance,50/50,95/5,0.0323,0.0002,0.0124,0.0522,True
equal_opportunity_diff,imbalance,80/20,90/10,0.0115,0.4485,-0.0084,0.0314,False
equal_opportunity_diff,imbalance,80/20,95/5,0.0352,0.0,0.0153,0.0551,True
equal_opportunity_diff,imbalance,90/10,95/5,0.0237,0.0121,0.0038,0.0436,True
equal_opportunity_diff,min_level,100,25,0.0116,0.4518,-0.0086,0.0317,False
equal_opportunity_diff,min_level,100,50,0.0012,0.9988,-0.019,0.0213,False
equal_opportunity_diff,min_level,100,75,-0.0025,0.9889,-0.0226,0.0177,False
equal_opportunity_diff,min_level,25,50,-0.0104,0.5459,-0.0305,0.0098,False
equal_opportunity_diff,min_level,25,75,-0.014,0.2764,-0.0342,0.0061,False
equal_opportunity_diff,min_level,50,75,-0.0037,0.9661,-0.0238,0.0165,False
equal_opportunity_diff,min_level within 50/50,100,25,0.001,0.9999,-0.0469,0.049,False
equal_opportunity_diff,min_level within 50/50,100,50,-0.0022,0.9994,-0.0502,0.0457,False
equal_opportunity_diff,min_level within 50/50,100,75,0.0004,1.0,-0.0475,0.0484,False
equal_opportunity_diff,min_level within 50/50,25,50,-0.0033,0.998,-0.0512,0.0447,False
equal_opportunity_diff,min_level within 50/50,25,75,-0.0006,1.0,-0.0486,0.0473,False
equal_opportunity_diff,min_level within 50/50,50,75,0.0027,0.999,-0.0453,0.0506,False
equal_opportunity_diff,min_level within 80/20,100,25,-0.0051,0.9879,-0.0451,0.035,False
equal_opportunity_diff,min_level within 80/20,100,50,0.0007,1.0,-0.0394,0.0407,False
equal_opportunity_diff,min_level within 80/20,100,75,-0.009,0.9371,-0.0491,0.031,False
equal_opportunity_diff,min_level within 80/20,25,50,0.0057,0.9827,-0.0343,0.0458,False
equal_opportunity_diff,min_level within 80/20,25,75,-0.004,0.9941,-0.044,0.0361,False
equal_opportunity_diff,min_level within 80/20,50,75,-0.0097,0.9237,-0.0497,0.0304,False
equal_opportunity_diff,min_level within 90/10,100,25,0.0198,0.5007,-0.0168,0.0564,False
equal_opportunity_diff,min_level within 90/10,100,50,0.0137,0.7672,-0.0229,0.0503,False
equal_opportunity_diff,min_level within 90/10,100,75,0.0049,0.9858,-0.0317,0.0415,False
equal_opportunity_diff,min_level within 90/10,25,50,-0.0061,0.9731,-0.0427,0.0305,False
equal_opportunity_diff,min_level within 90/10,25,75,-0.0149,0.7174,-0.0515,0.0217,False
equal_opportunity_diff,min_level within 90/10,50,75,-0.0088,0.9244,-0.0455,0.0278,False
equal_opportunity_diff,min_level within 95/5,100,25,0.0304,0.1033,-0.004,0.0648,False
equal_opportunity_diff,min_level within 95/5,100,50,-0.0074,0.9437,-0.0418,0.0269,False
equal_opportunity_diff,min_level within 95/5,100,75,-0.0062,0.9658,-0.0406,0.0282,False
equal_opportunity_diff,min_level within 95/5,25,50,-0.0379,0.0244,-0.0723,-0.0035,True
equal_opportunity_diff,min_level within 95/5,25,75,-0.0367,0.0316,-0.0711,-0.0023,True
equal_opportunity_diff,min_level within 95/5,50,75,0.0012,0.9997,-0.0332,0.0356,False
fnr_diff,imbalance,50/50,80/20,0.0029,0.9825,-0.017,0.0228,False
fnr_diff,imbalance,50/50,90/10,-0.0086,0.6831,-0.0285,0.0113,False
fnr_diff,imbalance,50/50,95/5,-0.0323,0.0002,-0.0522,-0.0124,True
fnr_diff,imbalance,80/20,90/10,-0.0115,0.4485,-0.0314,0.0084,False
fnr_diff,imbalance,80/20,95/5,-0.0352,0.0,-0.0551,-0.0153,True
fnr_diff,imbalance,90/10,95/5,-0.0237,0.0121,-0.0436,-0.0038,True
fnr_diff,min_level,100,25,-0.0116,0.4518,-0.0317,0.0086,False
fnr_diff,min_level,100,50,-0.0012,0.9988,-0.0213,0.019,False
fnr_diff,min_level,100,75,0.0025,0.9889,-0.0177,0.0226,False
fnr_diff,min_level,25,50,0.0104,0.5459,-0.0098,0.0305,False
fnr_diff,min_level,25,75,0.014,0.2764,-0.0061,0.0342,False
fnr_diff,min_level,50,75,0.0037,0.9661,-0.0165,0.0238,False
fnr_diff,min_level within 50/50,100,25,-0.001,0.9999,-0.049,0.0469,False
fnr_diff,min_level within 50/50,100,50,0.0022,0.9994,-0.0457,0.0502,False
fnr_diff,min_level within 50/50,100,75,-0.0004,1.0,-0.0484,0.0475,False
fnr_diff,min_level within 50/50,25,50,0.0033,0.998,-0.0447,0.0512,False
fnr_diff,min_level within 50/50,25,75,0.0006,1.0,-0.0473,0.0486,False
fnr_diff,min_level within 50/50,50,75,-0.0027,0.999,-0.0506,0.0453,False
fnr_diff,min_level within 80/20,100,25,0.0051,0.9879,-0.035,0.0451,False
fnr_diff,min_level within 80/20,100,50,-0.0007,1.0,-0.0407,0.0394,False
fnr_diff,min_level within 80/20,100,75,0.009,0.9371,-0.031,0.0491,False
fnr_diff,min_level within 80/20,25,50,-0.0057,0.9827,-0.0458,0.0343,False
fnr_diff,min_level within 80/20,25,75,0.004,0.9941,-0.0361,0.044,False
fnr_diff,min_level within 80/20,50,75,0.0097,0.9237,-0.0304,0.0497,False
fnr_diff,min_level within 90/10,100,25,-0.0198,0.5007,-0.0564,0.0168,False
fnr_diff,min_level within 90/10,100,50,-0.0137,0.7672,-0.0503,0.0229,False
fnr_diff,min_level within 90/10,100,75,-0.0049,0.9858,-0.0415,0.0317,False
fnr_diff,min_level within 90/10,25,50,0.0061,0.9731,-0.0305,0.0427,False
fnr_diff,min_level within 90/10,25,75,0.0149,0.7174,-0.0217,0.0515,False
fnr_diff,min_level within 90/10,50,75,0.0088,0.9244,-0.0278,0.0455,False
fnr_diff,min_level within 95/5,100,25,-0.0304,0.1033,-0.0648,0.004,False
fnr_diff,min_level within 95/5,100,50,0.0074,0.9437,-0.0269,0.0418,False
fnr_diff,min_level within 95/5,100,75,0.0062,0.9658,-0.0282,0.0406,False
fnr_diff,min_level within 95/5,25,50,0.0379,0.0244,0.0035,0.0723,True
fnr_diff,min_level within 95/5,25,75,0.0367,0.0316,0.0023,0.0711,True
fnr_diff,min_level within 95/5,50,75,-0.0012,0.9997,-0.0356,0.0332,False
