dataset,classifier,imbalance,min_level,min_type,seed,run_id
adult,logistic_regression,50/50,100,horizontal,11,0
adult,logistic_regression,50/50,100,horizontal,22,1
adult,logistic_regression,50/50,100,horizontal,33,2
adult,logistic_regression,50/50,100,horizontal,44,3
adult,logistic_regression,50/50,100,horizontal,55,4
adult,logistic_regression,50/50,100,vertical,11,5
adult,logistic_regression,50/50,100,vertical,22,6
adult,logistic_regression,50/50,100,vertical,33,7
adult,logistic_regression,50/50,100,vertical,44,8
adult,logistic_regression,50/50,100,vertical,55,9
adult,logistic_regression,50/50,75,horizontal,11,10
adult,logistic_regression,50/50,75,horizontal,22,11
adult,logistic_regression,50/50,75,horizontal,33,12
adult,logistic_regression,50/50,75,horizontal,44,13
adult,logistic_regression,50/50,75,horizontal,55,14
adult,logistic_regression,50/50,75,vertical,11,15
adult,logistic_regression,50/50,75,vertical,22,16
adult,logistic_regression,50/50,75,vertical,33,17
adult,logistic_regression,50/50,75,vertical,44,18
adult,logistic_regression,50/50,75,vertical,55,19
adult,logistic_regression,50/50,50,horizontal,11,20
adult,logistic_regression,50/50,50,horizontal,22,21
adult,logistic_regression,50/50,50,horizontal,33,22
adult,logistic_regression,50/50,50,horizontal,44,23
adult,logistic_regression,50/50,50,horizontal,55,24
adult,logistic_regression,50/50,50,vertical,11,25
adult,logistic_regression,50/50,50,vertical,22,26
adult,logistic_regression,50/50,50,vertical,33,27
adult,logistic_regression,50/50,50,vertical,44,28
adult,logistic_regression,50/50,50,vertical,55,29
adult,logistic_regression,50/50,25,horizontal,11,30
adult,logistic_regression,50/50,25,horizontal,22,31
adult,logistic_regression,50/50,25,horizontal,33,32
adult,logistic_regression,50/50,25,horizontal,44,33
adult,logistic_regression,50/50,25,horizontal,55,34
adult,logistic_regression,50/50,25,vertical,11,35
adult,logistic_regression,50/50,25,vertical,22,36
adult,logistic_regression,50/50,25,vertical,33,37
adult,logistic_regression,50/50,25,vertical,44,38
adult,logistic_regression,50/50,25,vertical,55,39
adult,logistic_regression,80/20,100,horizontal,11,40
adult,logistic_regression,80/20,100,horizontal,22,41
adult,logistic_regression,80/20,100,horizontal,33,42
adult,logistic_regression,80/20,100,horizontal,44,43
adult,logistic_regression,80/20,100,horizontal,55,44
adult,logistic_regression,80/20,100,vertical,11,45
adult,logistic_regression,80/20,100,vertical,22,46
adult,logistic_regression,80/20,100,vertical,33,47
adult,logistic_regression,80/20,100,vertical,44,48
adult,logistic_regression,80/20,100,vertical,55,49
adult,logistic_regression,80/20,75,horizontal,11,50
adult,logistic_regression,80/20,75,horizontal,22,51
adult,logistic_regression,80/20,75,horizontal,33,52
adult,logistic_regression,80/20,75,horizontal,44,53
adult,logistic_regression,80/20,75,horizontal,55,54
adult,logistic_regression,80/20,75,vertical,11,55
adult,logistic_regression,80/20,75,vertical,22,56
adult,logistic_regression,80/20,75,vertical,33,57
adult,logistic_regression,80/20,75,vertical,44,58
adult,logistic_regression,80/20,75,vertical,55,59
adult,logistic_regression,80/20,50,horizontal,11,60
adult,logistic_regression,80/20,50,horizontal,22,61
adult,logistic_regression,80/20,50,horizontal,33,62
adult,logistic_regression,80/20,50,horizontal,44,63
adult,logistic_regression,80/20,50,horizontal,55,64
adult,logistic_regression,80/20,50,vertical,11,65
adult,logistic_regression,80/20,50,vertical,22,66
adult,logistic_regression,80/20,50,vertical,33,67
adult,logistic_regression,80/20,50,vertical,44,68
adult,logistic_regression,80/20,50,vertical,55,69
adult,logistic_regression,80/20,25,horizontal,11,70
adult,logistic_regression,80/20,25,horizontal,22,71
adult,logistic_regression,80/20,25,horizontal,33,72
adult,logistic_regression,80/20,25,horizontal,44,73
adult,logistic_regression,80/20,25,horizontal,55,74
adult,logistic_regression,80/20,25,vertical,11,75
adult,logistic_regression,80/20,25,vertical,22,76
adult,logistic_regression,80/20,25,vertical,33,77
adult,logistic_regression,80/20,25,vertical,44,78
adult,logistic_regression,80/20,25,vertical,55,79
adult,logistic_regression,90/10,100,horizontal,11,80
adult,logistic_regression,90/10,100,horizontal,22,81
adult,logistic_regression,90/10,100,horizontal,33,82
adult,logistic_regression,90/10,100,horizontal,44,83
adult,logistic_regression,90/10,100,horizontal,55,84
adult,logistic_regression,90/10,100,vertical,11,85
adult,logistic_regression,90/10,100,vertical,22,86
adult,logistic_regression,90/10,100,vertical,33,87
adult,logistic_regression,90/10,100,vertical,44,88
adult,logistic_regression,90/10,100,vertical,55,89
adult,logistic_regression,90/10,75,horizontal,11,90
adult,logistic_regression,90/10,75,horizontal,22,91
adult,logistic_regression,90/10,75,horizontal,33,92
adult,logistic_regression,90/10,75,horizontal,44,93
adult,logistic_regression,90/10,75,horizontal,55,94
adult,logistic_regression,90/10,75,vertical,11,95
adult,logistic_regression,90/10,75,vertical,22,96
adult,logistic_regression,90/10,75,vertical,33,97
adult,logistic_regression,90/10,75,vertical,44,98
adult,logistic_regression,90/10,75,vertical,55,99
adult,logistic_regression,90/10,50,horizontal,11,100
adult,logistic_regression,90/10,50,horizontal,22,101
adult,logistic_regression,90/10,50,horizontal,33,102
adult,logistic_regression,90/10,50,horizontal,44,103
adult,logistic_regression,90/10,50,horizontal,55,104
adult,logistic_regression,90/10,50,vertical,11,105
adult,logistic_regression,90/10,50,vertical,22,106
adult,logistic_regression,90/10,50,vertical,33,107
adult,logistic_regression,90/10,50,vertical,44,108
adult,logistic_regression,90/10,50,vertical,55,109
adult,logistic_regression,90/10,25,horizontal,11,110
adult,logistic_regression,90/10,25,horizontal,22,111
adult,logistic_regression,90/10,25,horizontal,33,112
adult,logistic_regression,90/10,25,horizontal,44,113
adult,logistic_regression,90/10,25,horizontal,55,114
adult,logistic_regression,90/10,25,vertical,11,115
adult,logistic_regression,90/10,25,vertical,22,116
adult,logistic_regression,90/10,25,vertical,33,117
adult,logistic_regression,90/10,25,vertical,44,118
adult,logistic_regression,90/10,25,vertical,55,119
adult,logistic_regression,95/5,100,horizontal,11,120
adult,logistic_regression,95/5,100,horizontal,22,121
adult,logistic_regression,95/5,100,horizontal,33,122
adult,logistic_regression,95/5,100,horizontal,44,123
adult,logistic_regression,95/5,100,horizontal,55,124
adult,logistic_regression,95/5,100,vertical,11,125
adult,logistic_regression,95/5,100,vertical,22,126
adult,logistic_regression,95/5,100,vertical,33,127
adult,logistic_regression,95/5,100,vertical,44,128
adult,logistic_regression,95/5,100,vertical,55,129
adult,logistic_regression,95/5,75,horizontal,11,130
adult,logistic_regression,95/5,75,horizontal,22,131
adult,logistic_regression,95/5,75,horizontal,33,132
adult,logistic_regression,95/5,75,horizontal,44,133
adult,logistic_regression,95/5,75,horizontal,55,134
adult,logistic_regression,95/5,75,vertical,11,135
adult,logistic_regression,95/5,75,vertical,22,136
adult,logistic_regression,95/5,75,vertical,33,137
adult,logistic_regression,95/5,75,vertical,44,138
adult,logistic_regression,95/5,75,vertical,55,139
adult,logistic_regression,95/5,50,horizontal,11,140
adult,logistic_regression,95/5,50,horizontal,22,141
adult,logistic_regression,95/5,50,horizontal,33,142
adult,logistic_regression,95/5,50,horizontal,44,143
adult,logistic_regression,95/5,50,horizontal,55,144
adult,logistic_regression,95/5,50,vertical,11,145
adult,logistic_regression,95/5,50,vertical,22,146
adult,logistic_regression,95/5,50,vertical,33,147
adult,logistic_regression,95/5,50,vertical,44,148
adult,logistic_regression,95/5,50,vertical,55,149
adult,logistic_regression,95/5,25,horizontal,11,150
adult,logistic_regression,95/5,25,horizontal,22,151
adult,logistic_regression,95/5,25,horizontal,33,152
adult,logistic_regression,95/5,25,horizontal,44,153
adult,logistic_regression,95/5,25,horizontal,55,154
adult,logistic_regression,95/5,25,vertical,11,155
adult,logistic_regression,95/5,25,vertical,22,156
adult,logistic_regression,95/5,25,vertical,33,157
adult,logistic_regression,95/5,25,vertical,44,158
adult,logistic_regression,95/5,25,vertical,55,159
adult,random_forest,50/50,100,horizontal,11,160
adult,random_forest,50/50,100,horizontal,22,161
adult,random_forest,50/50,100,horizontal,33,162
adult,random_forest,50/50,100,horizontal,44,163
adult,random_forest,50/50,100,horizontal,55,164
adult,random_forest,50/50,100,vertical,11,165
adult,random_forest,50/50,100,vertical,22,166
adult,random_forest,50/50,100,vertical,33,167
adult,random_forest,50/50,100,vertical,44,168
adult,random_forest,50/50,100,vertical,55,169
adult,random_forest,50/50,75,horizontal,11,170
adult,random_forest,50/50,75,horizontal,22,171
adult,random_forest,50/50,75,horizontal,33,172
adult,random_forest,50/50,75,horizontal,44,173
adult,random_forest,50/50,75,horizontal,55,174
adult,random_forest,50/50,75,vertical,11,175
adult,random_forest,50/50,75,vertical,22,176
adult,random_forest,50/50,75,vertical,33,177
adult,random_forest,50/50,75,vertical,44,178
adult,random_forest,50/50,75,vertical,55,179
adult,random_forest,50/50,50,horizontal,11,180
adult,random_forest,50/50,50,horizontal,22,181
adult,random_forest,50/50,50,horizontal,33,182
adult,random_forest,50/50,50,horizontal,44,183
adult,random_forest,50/50,50,horizontal,55,184
adult,random_forest,50/50,50,vertical,11,185
adult,random_forest,50/50,50,vertical,22,186
adult,random_forest,50/50,50,vertical,33,187
adult,random_forest,50/50,50,vertical,44,188
adult,random_forest,50/50,50,vertical,55,189
adult,random_forest,50/50,25,horizontal,11,190
adult,random_forest,50/50,25,horizontal,22,191
adult,random_forest,50/50,25,horizontal,33,192
adult,random_forest,50/50,25,horizontal,44,193
adult,random_forest,50/50,25,horizontal,55,194
adult,random_forest,50/50,25,vertical,11,195
adult,random_forest,50/50,25,vertical,22,196
adult,random_forest,50/50,25,vertical,33,197
adult,random_forest,50/50,25,vertical,44,198
adult,random_forest,50/50,25,vertical,55,199
adult,random_forest,80/20,100,horizontal,11,200
adult,random_forest,80/20,100,horizontal,22,201
adult,random_forest,80/20,100,horizontal,33,202
adult,random_forest,80/20,100,horizontal,44,203
adult,random_forest,80/20,100,horizontal,55,204
adult,random_forest,80/20,100,vertical,11,205
adult,random_forest,80/20,100,vertical,22,206
adult,random_forest,80/20,100,vertical,33,207
adult,random_forest,80/20,100,vertical,44,208
adult,random_forest,80/20,100,vertical,55,209
adult,random_forest,80/20,75,horizontal,11,210
adult,random_forest,80/20,75,horizontal,22,211
adult,random_forest,80/20,75,horizontal,33,212
adult,random_forest,80/20,75,horizontal,44,213
adult,random_forest,80/20,75,horizontal,55,214
adult,random_forest,80/20,75,vertical,11,215
adult,random_forest,80/20,75,vertical,22,216
adult,random_forest,80/20,75,vertical,33,217
adult,random_forest,80/20,75,vertical,44,218
adult,random_forest,80/20,75,vertical,55,219
adult,random_forest,80/20,50,horizontal,11,220
adult,random_forest,80/20,50,horizontal,22,221
adult,random_forest,80/20,50,horizontal,33,222
adult,random_forest,80/20,50,horizontal,44,223
adult,random_forest,80/20,50,horizontal,55,224
adult,random_forest,80/20,50,vertical,11,225
adult,random_forest,80/20,50,vertical,22,226
adult,random_forest,80/20,50,vertical,33,227
adult,random_forest,80/20,50,vertical,44,228
adult,random_forest,80/20,50,vertical,55,229
adult,random_forest,80/20,25,horizontal,11,230
adult,random_forest,80/20,25,horizontal,22,231
adult,random_forest,80/20,25,horizontal,33,232
adult,random_forest,80/20,25,horizontal,44,233
adult,random_forest,80/20,25,horizontal,55,234
adult,random_forest,80/20,25,vertical,11,235
adult,random_forest,80/20,25,vertical,22,236
adult,random_forest,80/20,25,vertical,33,237
adult,random_forest,80/20,25,vertical,44,238
adult,random_forest,80/20,25,vertical,55,239
adult,random_forest,90/10,100,horizontal,11,240
adult,random_forest,90/10,100,horizontal,22,241
adult,random_forest,90/10,100,horizontal,33,242
adult,random_forest,90/10,100,horizontal,44,243
adult,random_forest,90/10,100,horizontal,55,244
adult,random_forest,90/10,100,vertical,11,245
adult,random_forest,90/10,100,vertical,22,246
adult,random_forest,90/10,100,vertical,33,247
adult,random_forest,90/10,100,vertical,44,248
adult,random_forest,90/10,100,vertical,55,249
adult,random_forest,90/10,75,horizontal,11,250
adult,random_forest,90/10,75,horizontal,22,251
adult,random_forest,90/10,75,horizontal,33,252
adult,random_forest,90/10,75,horizontal,44,253
adult,random_forest,90/10,75,horizontal,55,254
adult,random_forest,90/10,75,vertical,11,255
adult,random_forest,90/10,75,vertical,22,256
adult,random_forest,90/10,75,vertical,33,257
adult,random_forest,90/10,75,vertical,44,258
adult,random_forest,90/10,75,vertical,55,259
adult,random_forest,90/10,50,horizontal,11,260
adult,random_forest,90/10,50,horizontal,22,261
adult,random_forest,90/10,50,horizontal,33,262
adult,random_forest,90/10,50,horizontal,44,263
adult,random_forest,90/10,50,horizontal,55,264
adult,random_forest,90/10,50,vertical,11,265
adult,random_forest,90/10,50,vertical,22,266
adult,random_forest,90/10,50,vertical,33,267
adult,random_forest,90/10,50,vertical,44,268
adult,random_forest,90/10,50,vertical,55,269
adult,random_forest,90/10,25,horizontal,11,270
adult,random_forest,90/10,25,horizontal,22,271
adult,random_forest,90/10,25,horizontal,33,272
adult,random_forest,90/10,25,horizontal,44,273
adult,random_forest,90/10,25,horizontal,55,274
adult,random_forest,90/10,25,vertical,11,275
adult,random_forest,90/10,25,vertical,22,276
adult,random_forest,90/10,25,vertical,33,277
adult,random_forest,90/10,25,vertical,44,278
adult,random_forest,90/10,25,vertical,55,279
adult,random_forest,95/5,100,horizontal,11,280
adult,random_forest,95/5,100,horizontal,22,281
adult,random_forest,95/5,100,horizontal,33,282
adult,random_forest,95/5,100,horizontal,44,283
adult,random_forest,95/5,100,horizontal,55,284
adult,random_forest,95/5,100,vertical,11,285
adult,random_forest,95/5,100,vertical,22,286
adult,random_forest,95/5,100,vertical,33,287
adult,random_forest,95/5,100,vertical,44,288
adult,random_forest,95/5,100,vertical,55,289
adult,random_forest,95/5,75,horizontal,11,290
adult,random_forest,95/5,75,horizontal,22,291
adult,random_forest,95/5,75,horizontal,33,292
adult,random_forest,95/5,75,horizontal,44,293
adult,random_forest,95/5,75,horizontal,55,294
adult,random_forest,95/5,75,vertical,11,295
adult,random_forest,95/5,75,vertical,22,296
adult,random_forest,95/5,75,vertical,33,297
adult,random_forest,95/5,75,vertical,44,298
adult,random_forest,95/5,75,vertical,55,299
adult,random_forest,95/5,50,horizontal,11,300
adult,random_forest,95/5,50,horizontal,22,301
adult,random_forest,95/5,50,horizontal,33,302
adult,random_forest,95/5,50,horizontal,44,303
adult,random_forest,95/5,50,horizontal,55,304
adult,random_forest,95/5,50,vertical,11,305
adult,random_forest,95/5,50,vertical,22,306
adult,random_forest,95/5,50,vertical,33,307
adult,random_forest,95/5,50,vertical,44,308
adult,random_forest,95/5,50,vertical,55,309
adult,random_forest,95/5,25,horizontal,11,310
adult,random_forest,95/5,25,horizontal,22,311
adult,random_forest,95/5,25,horizontal,33,312
adult,random_forest,95/5,25,horizontal,44,313
adult,random_forest,95/5,25,horizontal,55,314
adult,random_forest,95/5,25,vertical,11,315
adult,random_forest,95/5,25,vertical,22,316
adult,random_forest,95/5,25,vertical,33,317
adult,random_forest,95/5,25,vertical,44,318
adult,random_forest,95/5,25,vertical,55,319
adult,xgboost,50/50,100,horizontal,11,320
adult,xgboost,50/50,100,horizontal,22,321
adult,xgboost,50/50,100,horizontal,33,322
adult,xgboost,50/50,100,horizontal,44,323
adult,xgboost,50/50,100,horizontal,55,324
adult,xgboost,50/50,100,vertical,11,325
adult,xgboost,50/50,100,vertical,22,326
adult,xgboost,50/50,100,vertical,33,327
adult,xgboost,50/50,100,vertical,44,328
adult,xgboost,50/50,100,vertical,55,329
adult,xgboost,50/50,75,horizontal,11,330
adult,xgboost,50/50,75,horizontal,22,331
adult,xgboost,50/50,75,horizontal,33,332
adult,xgboost,50/50,75,horizontal,44,333
adult,xgboost,50/50,75,horizontal,55,334
adult,xgboost,50/50,75,vertical,11,335
adult,xgboost,50/50,75,vertical,22,336
adult,xgboost,50/50,75,vertical,33,337
adult,xgboost,50/50,75,vertical,44,338
adult,xgboost,50/50,75,vertical,55,339
adult,xgboost,50/50,50,horizontal,11,340
adult,xgboost,50/50,50,horizontal,22,341
adult,xgboost,50/50,50,horizontal,33,342
adult,xgboost,50/50,50,horizontal,44,343
adult,xgboost,50/50,50,horizontal,55,344
adult,xgboost,50/50,50,vertical,11,345
adult,xgboost,50/50,50,vertical,22,346
adult,xgboost,50/50,50,vertical,33,347
adult,xgboost,50/50,50,vertical,44,348
adult,xgboost,50/50,50,vertical,55,349
adult,xgboost,50/50,25,horizontal,11,350
adult,xgboost,50/50,25,horizontal,22,351
adult,xgboost,50/50,25,horizontal,33,352
adult,xgboost,50/50,25,horizontal,44,353
adult,xgboost,50/50,25,horizontal,55,354
adult,xgboost,50/50,25,vertical,11,355
adult,xgboost,50/50,25,vertical,22,356
adult,xgboost,50/50,25,vertical,33,357
adult,xgboost,50/50,25,vertical,44,358
adult,xgboost,50/50,25,vertical,55,359
adult,xgboost,80/20,100,horizontal,11,360
adult,xgboost,80/20,100,horizontal,22,361
adult,xgboost,80/20,100,horizontal,33,362
adult,xgboost,80/20,100,horizontal,44,363
adult,xgboost,80/20,100,horizontal,55,364
adult,xgboost,80/20,100,vertical,11,365
adult,xgboost,80/20,100,vertical,22,366
adult,xgboost,80/20,100,vertical,33,367
adult,xgboost,80/20,100,vertical,44,368
adult,xgboost,80/20,100,vertical,55,369
adult,xgboost,80/20,75,horizontal,11,370
adult,xgboost,80/20,75,horizontal,22,371
adult,xgboost,80/20,75,horizontal,33,372
adult,xgboost,80/20,75,horizontal,44,373
adult,xgboost,80/20,75,horizontal,55,374
adult,xgboost,80/20,75,vertical,11,375
adult,xgboost,80/20,75,vertical,22,376
adult,xgboost,80/20,75,vertical,33,377
adult,xgboost,80/20,75,vertical,44,378
adult,xgboost,80/20,75,vertical,55,379
adult,xgboost,80/20,50,horizontal,11,380
adult,xgboost,80/20,50,horizontal,22,381
adult,xgboost,80/20,50,horizontal,33,382
adult,xgboost,80/20,50,horizontal,44,383
adult,xgboost,80/20,50,horizontal,55,384
adult,xgboost,80/20,50,vertical,11,385
adult,xgboost,80/20,50,vertical,22,386
adult,xgboost,80/20,50,vertical,33,387
adult,xgboost,80/20,50,vertical,44,388
adult,xgboost,80/20,50,vertical,55,389
adult,xgboost,80/20,25,horizontal,11,390
adult,xgboost,80/20,25,horizontal,22,391
adult,xgboost,80/20,25,horizontal,33,392
adult,xgboost,80/20,25,horizontal,44,393
adult,xgboost,80/20,25,horizontal,55,394
adult,xgboost,80/20,25,vertical,11,395
adult,xgboost,80/20,25,vertical,22,396
adult,xgboost,80/20,25,vertical,33,397
adult,xgboost,80/20,25,vertical,44,398
adult,xgboost,80/20,25,vertical,55,399
adult,xgboost,90/10,100,horizontal,11,400
adult,xgboost,90/10,100,horizontal,22,401
adult,xgboost,90/10,100,horizontal,33,402
adult,xgboost,90/10,100,horizontal,44,403
adult,xgboost,90/10,100,horizontal,55,404
adult,xgboost,90/10,100,vertical,11,405
adult,xgboost,90/10,100,vertical,22,406
adult,xgboost,90/10,100,vertical,33,407
adult,xgboost,90/10,100,vertical,44,408
adult,xgboost,90/10,100,vertical,55,409
adult,xgboost,90/10,75,horizontal,11,410
adult,xgboost,90/10,75,horizontal,22,411
adult,xgboost,90/10,75,horizontal,33,412
adult,xgboost,90/10,75,horizontal,44,413
adult,xgboost,90/10,75,horizontal,55,414
adult,xgboost,90/10,75,vertical,11,415
adult,xgboost,90/10,75,vertical,22,416
adult,xgboost,90/10,75,vertical,33,417
adult,xgboost,90/10,75,vertical,44,418
adult,xgboost,90/10,75,vertical,55,419
adult,xgboost,90/10,50,horizontal,11,420
adult,xgboost,90/10,50,horizontal,22,421
adult,xgboost,90/10,50,horizontal,33,422
adult,xgboost,90/10,50,horizontal,44,423
adult,xgboost,90/10,50,horizontal,55,424
adult,xgboost,90/10,50,vertical,11,425
adult,xgboost,90/10,50,vertical,22,426
adult,xgboost,90/10,50,vertical,33,427
adult,xgboost,90/10,50,vertical,44,428
adult,xgboost,90/10,50,vertical,55,429
adult,xgboost,90/10,25,horizontal,11,430
adult,xgboost,90/10,25,horizontal,22,431
adult,xgboost,90/10,25,horizontal,33,432
adult,xgboost,90/10,25,horizontal,44,433
adult,xgboost,90/10,25,horizontal,55,434
adult,xgboost,90/10,25,vertical,11,435
adult,xgboost,90/10,25,vertical,22,436
adult,xgboost,90/10,25,vertical,33,437
adult,xgboost,90/10,25,vertical,44,438
adult,xgboost,90/10,25,vertical,55,439
adult,xgboost,95/5,100,horizontal,11,440
adult,xgboost,95/5,100,horizontal,22,441
adult,xgboost,95/5,100,horizontal,33,442
adult,xgboost,95/5,100,horizontal,44,443
adult,xgboost,95/5,100,horizontal,55,444
adult,xgboost,95/5,100,vertical,11,445
adult,xgboost,95/5,100,vertical,22,446
adult,xgboost,95/5,100,vertical,33,447
adult,xgboost,95/5,100,vertical,44,448
adult,xgboost,95/5,100,vertical,55,449
adult,xgboost,95/5,75,horizontal,11,450
adult,xgboost,95/5,75,horizontal,22,451
adult,xgboost,95/5,75,horizontal,33,452
adult,xgboost,95/5,75,horizontal,44,453
adult,xgboost,95/5,75,horizontal,55,454
adult,xgboost,95/5,75,vertical,11,455
adult,xgboost,95/5,75,vertical,22,456
adult,xgboost,95/5,75,vertical,33,457
adult,xgboost,95/5,75,vertical,44,458
adult,xgboost,95/5,75,vertical,55,459
adult,xgboost,95/5,50,horizontal,11,460
adult,xgboost,95/5,50,horizontal,22,461
adult,xgboost,95/5,50,horizontal,33,462
adult,xgboost,95/5,50,horizontal,44,463
adult,xgboost,95/5,50,horizontal,55,464
adult,xgboost,95/5,50,vertical,11,465
adult,xgboost,95/5,50,vertical,22,466
adult,xgboost,95/5,50,vertical,33,467
adult,xgboost,95/5,50,vertical,44,468
adult,xgboost,95/5,50,vertical,55,469
adult,xgboost,95/5,25,horizontal,11,470
adult,xgboost,95/5,25,horizontal,22,471
adult,xgboost,95/5,25,horizontal,33,472
adult,xgboost,95/5,25,horizontal,44,473
adult,xgboost,95/5,25,horizontal,55,474
adult,xgboost,95/5,25,vertical,11,475
adult,xgboost,95/5,25,vertical,22,476
adult,xgboost,95/5,25,vertical,33,477
adult,xgboost,95/5,25,vertical,44,478
adult,xgboost,95/5,25,vertical,55,479
health,logistic_regression,50/50,100,horizontal,11,480
health,logistic_regression,50/50,100,horizontal,22,481
health,logistic_regression,50/50,100,horizontal,33,482
health,logistic_regression,50/50,100,horizontal,44,483
health,logistic_regression,50/50,100,horizontal,55,484
health,logistic_regression,50/50,100,vertical,11,485
health,logistic_regression,50/50,100,vertical,22,486
health,logistic_regression,50/50,100,vertical,33,487
health,logistic_regression,50/50,100,vertical,44,488
health,logistic_regression,50/50,100,vertical,55,489
health,logistic_regression,50/50,75,horizontal,11,490
health,logistic_regression,50/50,75,horizontal,22,491
health,logistic_regression,50/50,75,horizontal,33,492
health,logistic_regression,50/50,75,horizontal,44,493
health,logistic_regression,50/50,75,horizontal,55,494
health,logistic_regression,50/50,75,vertical,11,495
health,logistic_regression,50/50,75,vertical,22,496
health,logistic_regression,50/50,75,vertical,33,497
health,logistic_regression,50/50,75,vertical,44,498
health,logistic_regression,50/50,75,vertical,55,499
health,logistic_regression,50/50,50,horizontal,11,500
health,logistic_regression,50/50,50,horizontal,22,501
health,logistic_regression,50/50,50,horizontal,33,502
health,logistic_regression,50/50,50,horizontal,44,503
health,logistic_regression,50/50,50,horizontal,55,504
health,logistic_regression,50/50,50,vertical,11,505
health,logistic_regression,50/50,50,vertical,22,506
health,logistic_regression,50/50,50,vertical,33,507
health,logistic_regression,50/50,50,vertical,44,508
health,logistic_regression,50/50,50,vertical,55,509
health,logistic_regression,50/50,25,horizontal,11,510
health,logistic_regression,50/50,25,horizontal,22,511
health,logistic_regression,50/50,25,horizontal,33,512
health,logistic_regression,50/50,25,horizontal,44,513
health,logistic_regression,50/50,25,horizontal,55,514
health,logistic_regression,50/50,25,vertical,11,515
health,logistic_regression,50/50,25,vertical,22,516
health,logistic_regression,50/50,25,vertical,33,517
health,logistic_regression,50/50,25,vertical,44,518
health,logistic_regression,50/50,25,vertical,55,519
health,logistic_regression,80/20,100,horizontal,11,520
health,logistic_regression,80/20,100,horizontal,22,521
health,logistic_regression,80/20,100,horizontal,33,522
health,logistic_regression,80/20,100,horizontal,44,523
health,logistic_regression,80/20,100,horizontal,55,524
health,logistic_regression,80/20,100,vertical,11,525
health,logistic_regression,80/20,100,vertical,22,526
health,logistic_regression,80/20,100,vertical,33,527
health,logistic_regression,80/20,100,vertical,44,528
health,logistic_regression,80/20,100,vertical,55,529
health,logistic_regression,80/20,75,horizontal,11,530
health,logistic_regression,80/20,75,horizontal,22,531
health,logistic_regression,80/20,75,horizontal,33,532
health,logistic_regression,80/20,75,horizontal,44,533
health,logistic_regression,80/20,75,horizontal,55,534
health,logistic_regression,80/20,75,vertical,11,535
health,logistic_regression,80/20,75,vertical,22,536
health,logistic_regression,80/20,75,vertical,33,537
health,logistic_regression,80/20,75,vertical,44,538
health,logistic_regression,80/20,75,vertical,55,539
health,logistic_regression,80/20,50,horizontal,11,540
health,logistic_regression,80/20,50,horizontal,22,541
health,logistic_regression,80/20,50,horizontal,33,542
health,logistic_regression,80/20,50,horizontal,44,543
health,logistic_regression,80/20,50,horizontal,55,544
health,logistic_regression,80/20,50,vertical,11,545
health,logistic_regression,80/20,50,vertical,22,546
health,logistic_regression,80/20,50,vertical,33,547
health,logistic_regression,80/20,50,vertical,44,548
health,logistic_regression,80/20,50,vertical,55,549
health,logistic_regression,80/20,25,horizontal,11,550
health,logistic_regression,80/20,25,horizontal,22,551
health,logistic_regression,80/20,25,horizontal,33,552
health,logistic_regression,80/20,25,horizontal,44,553
health,logistic_regression,80/20,25,horizontal,55,554
health,logistic_regression,80/20,25,vertical,11,555
health,logistic_regression,80/20,25,vertical,22,556
health,logistic_regression,80/20,25,vertical,33,557
health,logistic_regression,80/20,25,vertical,44,558
health,logistic_regression,80/20,25,vertical,55,559
health,logistic_regression,90/10,100,horizontal,11,560
health,logistic_regression,90/10,100,horizontal,22,561
health,logistic_regression,90/10,100,horizontal,33,562
health,logistic_regression,90/10,100,horizontal,44,563
health,logistic_regression,90/10,100,horizontal,55,564
health,logistic_regression,90/10,100,vertical,11,565
health,logistic_regression,90/10,100,vertical,22,566
health,logistic_regression,90/10,100,vertical,33,567
health,logistic_regression,90/10,100,vertical,44,568
health,logistic_regression,90/10,100,vertical,55,569
health,logistic_regression,90/10,75,horizontal,11,570
health,logistic_regression,90/10,75,horizontal,22,571
health,logistic_regression,90/10,75,horizontal,33,572
health,logistic_regression,90/10,75,horizontal,44,573
health,logistic_regression,90/10,75,horizontal,55,574
health,logistic_regression,90/10,75,vertical,11,575
health,logistic_regression,90/10,75,vertical,22,576
health,logistic_regression,90/10,75,vertical,33,577
health,logistic_regression,90/10,75,vertical,44,578
health,logistic_regression,90/10,75,vertical,55,579
health,logistic_regression,90/10,50,horizontal,11,580
health,logistic_regression,90/10,50,horizontal,22,581
health,logistic_regression,90/10,50,horizontal,33,582
health,logistic_regression,90/10,50,horizontal,44,583
health,logistic_regression,90/10,50,horizontal,55,584
health,logistic_regression,90/10,50,vertical,11,585
health,logistic_regression,90/10,50,vertical,22,586
health,logistic_regression,90/10,50,vertical,33,587
health,logistic_regression,90/10,50,vertical,44,588
health,logistic_regression,90/10,50,vertical,55,589
health,logistic_regression,90/10,25,horizontal,11,590
health,logistic_regression,90/10,25,horizontal,22,591
health,logistic_regression,90/10,25,horizontal,33,592
health,logistic_regression,90/10,25,horizontal,44,593
health,logistic_regression,90/10,25,horizontal,55,594
health,logistic_regression,90/10,25,vertical,11,595
health,logistic_regression,90/10,25,vertical,22,596
health,logistic_regression,90/10,25,vertical,33,597
health,logistic_regression,90/10,25,vertical,44,598
health,logistic_regression,90/10,25,vertical,55,599
health,logistic_regression,95/5,100,horizontal,11,600
health,logistic_regression,95/5,100,horizontal,22,601
health,logistic_regression,95/5,100,horizontal,33,602
health,logistic_regression,95/5,100,horizontal,44,603
health,logistic_regression,95/5,100,horizontal,55,604
health,logistic_regression,95/5,100,vertical,11,605
health,logistic_regression,95/5,100,vertical,22,606
health,logistic_regression,95/5,100,vertical,33,607
health,logistic_regression,95/5,100,vertical,44,608
health,logistic_regression,95/5,100,vertical,55,609
health,logistic_regression,95/5,75,horizontal,11,610
health,logistic_regression,95/5,75,horizontal,22,611
health,logistic_regression,95/5,75,horizontal,33,612
health,logistic_regression,95/5,75,horizontal,44,613
health,logistic_regression,95/5,75,horizontal,55,614
health,logistic_regression,95/5,75,vertical,11,615
health,logistic_regression,95/5,75,vertical,22,616
health,logistic_regression,95/5,75,vertical,33,617
health,logistic_regression,95/5,75,vertical,44,618
health,logistic_regression,95/5,75,vertical,55,619
health,logistic_regression,95/5,50,horizontal,11,620
health,logistic_regression,95/5,50,horizontal,22,621
health,logistic_regression,95/5,50,horizontal,33,622
health,logistic_regression,95/5,50,horizontal,44,623
health,logistic_regression,95/5,50,horizontal,55,624
health,logistic_regression,95/5,50,vertical,11,625
health,logistic_regression,95/5,50,vertical,22,626
health,logistic_regression,95/5,50,vertical,33,627
health,logistic_regression,95/5,50,vertical,44,628
health,logistic_regression,95/5,50,vertical,55,629
health,logistic_regression,95/5,25,horizontal,11,630
health,logistic_regression,95/5,25,horizontal,22,631
health,logistic_regression,95/5,25,horizontal,33,632
health,logistic_regression,95/5,25,horizontal,44,633
health,logistic_regression,95/5,25,horizontal,55,634
health,logistic_regression,95/5,25,vertical,11,635
health,logistic_regression,95/5,25,vertical,22,636
health,logistic_regression,95/5,25,vertical,33,637
health,logistic_regression,95/5,25,vertical,44,638
health,logistic_regression,95/5,25,vertical,55,639
health,random_forest,50/50,100,horizontal,11,640
health,random_forest,50/50,100,horizontal,22,641
health,random_forest,50/50,100,horizontal,33,642
health,random_forest,50/50,100,horizontal,44,643
health,random_forest,50/50,100,horizontal,55,644
health,random_forest,50/50,100,vertical,11,645
health,random_forest,50/50,100,vertical,22,646
health,random_forest,50/50,100,vertical,33,647
health,random_forest,50/50,100,vertical,44,648
health,random_forest,50/50,100,vertical,55,649
health,random_forest,50/50,75,horizontal,11,650
health,random_forest,50/50,75,horizontal,22,651
health,random_forest,50/50,75,horizontal,33,652
health,random_forest,50/50,75,horizontal,44,653
health,random_forest,50/50,75,horizontal,55,654
health,random_forest,50/50,75,vertical,11,655
health,random_forest,50/50,75,vertical,22,656
health,random_forest,50/50,75,vertical,33,657
health,random_forest,50/50,75,vertical,44,658
health,random_forest,50/50,75,vertical,55,659
health,random_forest,50/50,50,horizontal,11,660
health,random_forest,50/50,50,horizontal,22,661
health,random_forest,50/50,50,horizontal,33,662
health,random_forest,50/50,50,horizontal,44,663
health,random_forest,50/50,50,horizontal,55,664
health,random_forest,50/50,50,vertical,11,665
health,random_forest,50/50,50,vertical,22,666
health,random_forest,50/50,50,vertical,33,667
health,random_forest,50/50,50,vertical,44,668
health,random_forest,50/50,50,vertical,55,669
health,random_forest,50/50,25,horizontal,11,670
health,random_forest,50/50,25,horizontal,22,671
health,random_forest,50/50,25,horizontal,33,672
health,random_forest,50/50,25,horizontal,44,673
health,random_forest,50/50,25,horizontal,55,674
health,random_forest,50/50,25,vertical,11,675
health,random_forest,50/50,25,vertical,22,676
health,random_forest,50/50,25,vertical,33,677
health,random_forest,50/50,25,vertical,44,678
health,random_forest,50/50,25,vertical,55,679
health,random_forest,80/20,100,horizontal,11,680
health,random_forest,80/20,100,horizontal,22,681
health,random_forest,80/20,100,horizontal,33,682
health,random_forest,80/20,100,horizontal,44,683
health,random_forest,80/20,100,horizontal,55,684
health,random_forest,80/20,100,vertical,11,685
health,random_forest,80/20,100,vertical,22,686
health,random_forest,80/20,100,vertical,33,687
health,random_forest,80/20,100,vertical,44,688
health,random_forest,80/20,100,vertical,55,689
health,random_forest,80/20,75,horizontal,11,690
health,random_forest,80/20,75,horizontal,22,691
health,random_forest,80/20,75,horizontal,33,692
health,random_forest,80/20,75,horizontal,44,693
health,random_forest,80/20,75,horizontal,55,694
health,random_forest,80/20,75,vertical,11,695
health,random_forest,80/20,75,vertical,22,696
health,random_forest,80/20,75,vertical,33,697
health,random_forest,80/20,75,vertical,44,698
health,random_forest,80/20,75,vertical,55,699
health,random_forest,80/20,50,horizontal,11,700
health,random_forest,80/20,50,horizontal,22,701
health,random_forest,80/20,50,horizontal,33,702
health,random_forest,80/20,50,horizontal,44,703
health,random_forest,80/20,50,horizontal,55,704
health,random_forest,80/20,50,vertical,11,705
health,random_forest,80/20,50,vertical,22,706
health,random_forest,80/20,50,vertical,33,707
health,random_forest,80/20,50,vertical,44,708
health,random_forest,80/20,50,vertical,55,709
health,random_forest,80/20,25,horizontal,11,710
health,random_forest,80/20,25,horizontal,22,711
health,random_forest,80/20,25,horizontal,33,712
health,random_forest,80/20,25,horizontal,44,713
health,random_forest,80/20,25,horizontal,55,714
health,random_forest,80/20,25,vertical,11,715
health,random_forest,80/20,25,vertical,22,716
health,random_forest,80/20,25,vertical,33,717
health,random_forest,80/20,25,vertical,44,718
health,random_forest,80/20,25,vertical,55,719
health,random_forest,90/10,100,horizontal,11,720
health,random_forest,90/10,100,horizontal,22,721
health,random_forest,90/10,100,horizontal,33,722
health,random_forest,90/10,100,horizontal,44,723
health,random_forest,90/10,100,horizontal,55,724
health,random_forest,90/10,100,vertical,11,725
health,random_forest,90/10,100,vertical,22,726
health,random_forest,90/10,100,vertical,33,727
health,random_forest,90/10,100,vertical,44,728
health,random_forest,90/10,100,vertical,55,729
health,random_forest,90/10,75,horizontal,11,730
health,random_forest,90/10,75,horizontal,22,731
health,random_forest,90/10,75,horizontal,33,732
health,random_forest,90/10,75,horizontal,44,733
health,random_forest,90/10,75,horizontal,55,734
health,random_forest,90/10,75,vertical,11,735
health,random_forest,90/10,75,vertical,22,736
health,random_forest,90/10,75,vertical,33,737
health,random_forest,90/10,75,vertical,44,738
health,random_forest,90/10,75,vertical,55,739
health,random_forest,90/10,50,horizontal,11,740
health,random_forest,90/10,50,horizontal,22,741
health,random_forest,90/10,50,horizontal,33,742
health,random_forest,90/10,50,horizontal,44,743
health,random_forest,90/10,50,horizontal,55,744
health,random_forest,90/10,50,vertical,11,745
health,random_forest,90/10,50,vertical,22,746
health,random_forest,90/10,50,vertical,33,747
health,random_forest,90/10,50,vertical,44,748
health,random_forest,90/10,50,vertical,55,749
health,random_forest,90/10,25,horizontal,11,750
health,random_forest,90/10,25,horizontal,22,751
health,random_forest,90/10,25,horizontal,33,752
health,random_forest,90/10,25,horizontal,44,753
health,random_forest,90/10,25,horizontal,55,754
health,random_forest,90/10,25,vertical,11,755
health,random_forest,90/10,25,vertical,22,756
health,random_forest,90/10,25,vertical,33,757
health,random_forest,90/10,25,vertical,44,758
health,random_forest,90/10,25,vertical,55,759
health,random_forest,95/5,100,horizontal,11,760
health,random_forest,95/5,100,horizontal,22,761
health,random_forest,95/5,100,horizontal,33,762
health,random_forest,95/5,100,horizontal,44,763
health,random_forest,95/5,100,horizontal,55,764
health,random_forest,95/5,100,vertical,11,765
health,random_forest,95/5,100,vertical,22,766
health,random_forest,95/5,100,vertical,33,767
health,random_forest,95/5,100,vertical,44,768
health,random_forest,95/5,100,vertical,55,769
health,random_forest,95/5,75,horizontal,11,770
health,random_forest,95/5,75,horizontal,22,771
health,random_forest,95/5,75,horizontal,33,772
health,random_forest,95/5,75,horizontal,44,773
health,random_forest,95/5,75,horizontal,55,774
health,random_forest,95/5,75,vertical,11,775
health,random_forest,95/5,75,vertical,22,776
health,random_forest,95/5,75,vertical,33,777
health,random_forest,95/5,75,vertical,44,778
health,random_forest,95/5,75,vertical,55,779
health,random_forest,95/5,50,horizontal,11,780
health,random_forest,95/5,50,horizontal,22,781
health,random_forest,95/5,50,horizontal,33,782
health,random_forest,95/5,50,horizontal,44,783
health,random_forest,95/5,50,horizontal,55,784
health,random_forest,95/5,50,vertical,11,785
health,random_forest,95/5,50,vertical,22,786
health,random_forest,95/5,50,vertical,33,787
health,random_forest,95/5,50,vertical,44,788
health,random_forest,95/5,50,vertical,55,789
health,random_forest,95/5,25,horizontal,11,790
health,random_forest,95/5,25,horizontal,22,791
health,random_forest,95/5,25,horizontal,33,792
health,random_forest,95/5,25,horizontal,44,793
health,random_forest,95/5,25,horizontal,55,794
health,random_forest,95/5,25,vertical,11,795
health,random_forest,95/5,25,vertical,22,796
health,random_forest,95/5,25,vertical,33,797
health,random_forest,95/5,25,vertical,44,798
health,random_forest,95/5,25,vertical,55,799
health,xgboost,50/50,100,horizontal,11,800
health,xgboost,50/50,100,horizontal,22,801
health,xgboost,50/50,100,horizontal,33,802
health,xgboost,50/50,100,horizontal,44,803
health,xgboost,50/50,100,horizontal,55,804
health,xgboost,50/50,100,vertical,11,805
health,xgboost,50/50,100,vertical,22,806
health,xgboost,50/50,100,vertical,33,807
health,xgboost,50/50,100,vertical,44,808
health,xgboost,50/50,100,vertical,55,809
health,xgboost,50/50,75,horizontal,11,810
health,xgboost,50/50,75,horizontal,22,811
health,xgboost,50/50,75,horizontal,33,812
health,xgboost,50/50,75,horizontal,44,813
health,xgboost,50/50,75,horizontal,55,814
health,xgboost,50/50,75,vertical,11,815
health,xgboost,50/50,75,vertical,22,816
health,xgboost,50/50,75,vertical,33,817
health,xgboost,50/50,75,vertical,44,818
health,xgboost,50/50,75,vertical,55,819
health,xgboost,50/50,50,horizontal,11,820
health,xgboost,50/50,50,horizontal,22,821
health,xgboost,50/50,50,horizontal,33,822
health,xgboost,50/50,50,horizontal,44,823
health,xgboost,50/50,50,horizontal,55,824
health,xgboost,50/50,50,vertical,11,825
health,xgboost,50/50,50,vertical,22,826
health,xgboost,50/50,50,vertical,33,827
health,xgboost,50/50,50,vertical,44,828
health,xgboost,50/50,50,vertical,55,829
health,xgboost,50/50,25,horizontal,11,830
health,xgboost,50/50,25,horizontal,22,831
health,xgboost,50/50,25,horizontal,33,832
health,xgboost,50/50,25,horizontal,44,833
health,xgboost,50/50,25,horizontal,55,834
health,xgboost,50/50,25,vertical,11,835
health,xgboost,50/50,25,vertical,22,836
health,xgboost,50/50,25,vertical,33,837
health,xgboost,50/50,25,vertical,44,838
health,xgboost,50/50,25,vertical,55,839
health,xgboost,80/20,100,horizontal,11,840
health,xgboost,80/20,100,horizontal,22,841
health,xgboost,80/20,100,horizontal,33,842
health,xgboost,80/20,100,horizontal,44,843
health,xgboost,80/20,100,horizontal,55,844
health,xgboost,80/20,100,vertical,11,845
health,xgboost,80/20,100,vertical,22,846
health,xgboost,80/20,100,vertical,33,847
health,xgboost,80/20,100,vertical,44,848
health,xgboost,80/20,100,vertical,55,849
health,xgboost,80/20,75,horizontal,11,850
health,xgboost,80/20,75,horizontal,22,851
health,xgboost,80/20,75,horizontal,33,852
health,xgboost,80/20,75,horizontal,44,853
health,xgboost,80/20,75,horizontal,55,854
health,xgboost,80/20,75,vertical,11,855
health,xgboost,80/20,75,vertical,22,856
health,xgboost,80/20,75,vertical,33,857
health,xgboost,80/20,75,vertical,44,858
health,xgboost,80/20,75,vertical,55,859
health,xgboost,80/20,50,horizontal,11,860
health,xgboost,80/20,50,horizontal,22,861
health,xgboost,80/20,50,horizontal,33,862
health,xgboost,80/20,50,horizontal,44,863
health,xgboost,80/20,50,horizontal,55,864
health,xgboost,80/20,50,vertical,11,865
health,xgboost,80/20,50,vertical,22,866
health,xgboost,80/20,50,vertical,33,867
health,xgboost,80/20,50,vertical,44,868
health,xgboost,80/20,50,vertical,55,869
health,xgboost,80/20,25,horizontal,11,870
health,xgboost,80/20,25,horizontal,22,871
health,xgboost,80/20,25,horizontal,33,872
health,xgboost,80/20,25,horizontal,44,873
health,xgboost,80/20,25,horizontal,55,874
health,xgboost,80/20,25,vertical,11,875
health,xgboost,80/20,25,vertical,22,876
health,xgboost,80/20,25,vertical,33,877
health,xgboost,80/20,25,vertical,44,878
health,xgboost,80/20,25,vertical,55,879
health,xgboost,90/10,100,horizontal,11,880
health,xgboost,90/10,100,horizontal,22,881
health,xgboost,90/10,100,horizontal,33,882
health,xgboost,90/10,100,horizontal,44,883
health,xgboost,90/10,100,horizontal,55,884
health,xgboost,90/10,100,vertical,11,885
health,xgboost,90/10,100,vertical,22,886
health,xgboost,90/10,100,vertical,33,887
health,xgboost,90/10,100,vertical,44,888
health,xgboost,90/10,100,vertical,55,889
health,xgboost,90/10,75,horizontal,11,890
health,xgboost,90/10,75,horizontal,22,891
health,xgboost,90/10,75,horizontal,33,892
health,xgboost,90/10,75,horizontal,44,893
health,xgboost,90/10,75,horizontal,55,894
health,xgboost,90/10,75,vertical,11,895
health,xgboost,90/10,75,vertical,22,896
health,xgboost,90/10,75,vertical,33,897
health,xgboost,90/10,75,vertical,44,898
health,xgboost,90/10,75,vertical,55,899
health,xgboost,90/10,50,horizontal,11,900
health,xgboost,90/10,50,horizontal,22,901
health,xgboost,90/10,50,horizontal,33,902
health,xgboost,90/10,50,horizontal,44,903
health,xgboost,90/10,50,horizontal,55,904
health,xgboost,90/10,50,vertical,11,905
health,xgboost,90/10,50,vertical,22,906
health,xgboost,90/10,50,vertical,33,907
health,xgboost,90/10,50,vertical,44,908
health,xgboost,90/10,50,vertical,55,909
health,xgboost,90/10,25,horizontal,11,910
health,xgboost,90/10,25,horizontal,22,911
health,xgboost,90/10,25,horizontal,33,912
health,xgboost,90/10,25,horizontal,44,913
health,xgboost,90/10,25,horizontal,55,914
health,xgboost,90/10,25,vertical,11,915
health,xgboost,90/10,25,vertical,22,916
health,xgboost,90/10,25,vertical,33,917
health,xgboost,90/10,25,vertical,44,918
health,xgboost,90/10,25,vertical,55,919
health,xgboost,95/5,100,horizontal,11,920
health,xgboost,95/5,100,horizontal,22,921
health,xgboost,95/5,100,horizontal,33,922
health,xgboost,95/5,100,horizontal,44,923
health,xgboost,95/5,100,horizontal,55,924
health,xgboost,95/5,100,vertical,11,925
health,xgboost,95/5,100,vertical,22,926
health,xgboost,95/5,100,vertical,33,927
health,xgboost,95/5,100,vertical,44,928
health,xgboost,95/5,100,vertical,55,929
health,xgboost,95/5,75,horizontal,11,930
health,xgboost,95/5,75,horizontal,22,931
health,xgboost,95/5,75,horizontal,33,932
health,xgboost,95/5,75,horizontal,44,933
health,xgboost,95/5,75,horizontal,55,934
health,xgboost,95/5,75,vertical,11,935
health,xgboost,95/5,75,vertical,22,936
health,xgboost,95/5,75,vertical,33,937
health,xgboost,95/5,75,vertical,44,938
health,xgboost,95/5,75,vertical,55,939
health,xgboost,95/5,50,horizontal,11,940
health,xgboost,95/5,50,horizontal,22,941
health,xgboost,95/5,50,horizontal,33,942
health,xgboost,95/5,50,horizontal,44,943
health,xgboost,95/5,50,horizontal,55,944
health,xgboost,95/5,50,vertical,11,945
health,xgboost,95/5,50,vertical,22,946
health,xgboost,95/5,50,vertical,33,947
health,xgboost,95/5,50,vertical,44,948
health,xgboost,95/5,50,vertical,55,949
health,xgboost,95/5,25,horizontal,11,950
health,xgboost,95/5,25,horizontal,22,951
health,xgboost,95/5,25,horizontal,33,952
health,xgboost,95/5,25,horizontal,44,953
health,xgboost,95/5,25,horizontal,55,954
health,xgboost,95/5,25,vertical,11,955
health,xgboost,95/5,25,vertical,22,956
health,xgboost,95/5,25,vertical,33,957
health,xgboost,95/5,25,vertical,44,958
health,xgboost,95/5,25,vertical,55,959